block,n_history,n_pos_history,n_target,n_pos_target,global_ratio,local_ratio,method,improved
BLK_011_000,245,60,164,0,,,too_little_target_history,False
BLK_001_003,904,60,603,0,,,too_little_target_history,False
BLK_010_006,273,180,183,0,,,too_little_target_history,False
BLK_011_008,827,120,552,0,,,too_little_target_history,False
BLK_011_006,157,72,105,48,0.2785653457251961,0.8941837541854877,isotonic,True
BLK_010_007,1273,60,849,0,,,too_little_target_history,False
BLK_006_005,552,60,368,0,,,too_little_target_history,False
BLK_005_005,1479,1035,987,387,0.39083520761103485,1.5701314198713774,isotonic,True
BLK_005_006,2493,1355,1662,196,1.3486354714465185,3.3555640238481557,isotonic,False
BLK_006_006,622,212,416,43,1.6081408793622702,2.829557526890994,isotonic,False
BLK_006_008,404,300,270,69,0.2954652717827601,2.5209367933293922,isotonic,False
BLK_006_009,117,60,78,0,,,too_little_target_history,False
BLK_003_005,1581,207,1055,0,,,too_little_target_history,False
BLK_002_006,1046,120,698,0,,,too_little_target_history,False
BLK_002_007,616,304,411,125,0.5637035666049189,1.5189646672478,isotonic,False
BLK_003_006,1167,120,779,0,,,too_little_target_history,False
BLK_004_005,2221,444,1482,0,,,too_little_target_history,False
BLK_001_005,1627,360,1085,0,,,too_little_target_history,False
BLK_000_006,389,109,260,20,1.7335368266388076,3.4653106572648653,isotonic,False
BLK_000_007,799,236,534,4,11.915915494986471,32.128805046013845,isotonic,False
BLK_001_007,628,180,419,0,,,too_little_target_history,False
BLK_001_008,104,60,70,0,,,too_little_target_history,False
BLK_003_008,72,72,48,48,0.16221373681089254,,too_little_history_for_any_local_fit,False
BLK_005_007,777,120,518,0,,,too_little_target_history,False
