population,coverage,alerts,precision,recall,lift,base_rate,threshold
all,0.005,465,0.421505376344086,0.028381117868520128,5.670608384792404,0.07433159684849529,0.71875
all,0.01,929,0.3444564047362756,0.046336518969012454,4.634050919669547,0.07433159684849529,0.69
all,0.02,1858,0.27179763186221745,0.07312481899797278,3.656555803801752,0.07433159684849529,0.5581395348837209
all,0.05,4645,0.32443487621097955,0.21821604401969302,4.364696709963754,0.07433159684849529,0.3691496374423203
all,0.1,9291,0.30965450435905717,0.4165942658557776,4.165852981608932,0.07433159684849529,0.1978021978021978
non-steep (autonomous pilot),0.005,276,0.5181159420289855,0.17919799498746866,35.8610248447205,0.014447884416924664,0.3448275862068966
non-steep (autonomous pilot),0.01,552,0.3713768115942029,0.2568922305764411,25.704580745341616,0.014447884416924664,0.16616314199395774
non-steep (autonomous pilot),0.02,1105,0.265158371040724,0.36716791979949875,18.352747252747253,0.014447884416924664,0.13526570048309178
non-steep (autonomous pilot),0.05,2762,0.14518464880521362,0.5025062656641605,10.048851763732285,0.014447884416924664,0.08333333333333333
non-steep (autonomous pilot),0.1,5523,0.09378960709759189,0.6491228070175439,6.491580662683324,0.014447884416924664,0.018036072144288578
steep (human review),0.005,188,0.3829787234042553,0.011787819253438114,2.3622664381557494,0.16212342402123425,0.8695652173913043
steep (human review),0.01,377,0.38461538461538464,0.023739358218729537,2.372361593874364,0.16212342402123425,0.7666666666666667
steep (human review),0.02,754,0.3037135278514589,0.037491814014407335,1.8733476034387218,0.16212342402123425,0.69
steep (human review),0.05,1884,0.23938428874734607,0.07383759004584152,1.4765558412829507,0.16212342402123425,0.5511551155115512
steep (human review),0.1,3768,0.26831210191082805,0.16552062868369352,1.6549866469368772,0.16212342402123425,0.37771053958648504
