+ Pharmacy	pharmacy	26.177177	91.734961
151 Base Hospital	hospital	26.103592	91.797421
4th APBn	police	26.142880	91.754858
A.B. Polyclinic	clinic	26.178625	91.826550
ADVANCE NEUROSCIENCE HOSPITAL	hospital	26.145041	91.785258
AKASH MEDICOS	pharmacy	26.151257	91.784583
APOLLO +CLINIC	clinic	26.169571	91.763294
APOLLO HOSPITAL	hospital	26.174585	91.772758
ARPANA MEDICOS	pharmacy	26.129686	91.795096
AUDIO CARE	clinic	26.167917	91.769507
AXOM MEDICO'S	pharmacy	26.131812	91.807426
AYONEXT HEALTHCARE	clinic	26.136223	91.791565
AYUSHI MEDICOS	pharmacy	26.131431	91.794198
Aathgaon	suburb	26.169107	91.740183
Acupuncture Clinic	clinic	26.172423	91.756104
Adabari Pharmacy	pharmacy	26.158721	91.685220
Adagudam	suburb	26.136674	91.736785
Agile Hospitals Pvt Ltd	hospital	26.122132	91.806269
Ahmed homoeo clinic	clinic	26.155215	91.789931
Aksi Advanced Eye Centre	clinic	26.153416	91.780122
Ambari	suburb	26.184566	91.753978
Ambikagiri Nagar	suburb	26.169117	91.782767
Amingaon	suburb	26.186158	91.669951
Ananda Nagar	suburb	26.157656	91.770606
Ananta Pharmacy	pharmacy	26.179391	91.751227
Anil Nagar	suburb	26.167322	91.773161
Anjali Petrol Pump	fuel	25.571886	91.876789
Apollo Clinic - Best Diagnostic Center	clinic	26.172111	91.739562
Apollo Diabetes Care	clinic	26.138223	91.799022
Apollo Excelcare Hospital	hospital	26.128000	91.681419
Apollo Pharmacy	pharmacy	26.166299	91.766904
Apollo Pharmacy	pharmacy	26.170187	91.747238
Apollo Teleclinic	clinic	25.563301	91.877491
Apple Care, Guwahati	clinic	26.174883	91.756928
Aruna Memorial Hospital	hospital	26.165853	91.769115
Arya Hospital (A Unit Of North Eastern Medical Research Institute Ltd)	hospital	26.174626	91.752588
Assam Lithotripsy Centre	clinic	26.130135	91.795295
Assam Oil Service Station	fuel	25.565943	91.897581
Asthma Allergy Centre	clinic	26.180263	91.739485
Atika Optical & Eye Clinic Centre	clinic	26.130366	91.786400
Audio Care - Audiology Centre	clinic	26.167945	91.769350
Auxodh	pharmacy	26.174816	91.758241
Auxodh	pharmacy	26.174882	91.758056
Ayurvedic & Homoeopathy Hospital	hospital	25.595846	91.947423
Ayush Physiotherapy Centre	clinic	26.161590	91.694851
Ayushman Physiotherapy Clinic	clinic	26.171909	91.732623
Ayushman herbo care	pharmacy	26.174995	91.761532
Azara	suburb	26.121111	91.616428
Azara 30 Bedded Rural Hospital(F.R.U)	hospital	26.124633	91.617525
B.P. Medico's	pharmacy	26.191796	91.755337
B.P.MEDICO'S	pharmacy	26.191804	91.755352
B.T.S. medico's	pharmacy	26.156737	91.789473
BHARAT MEDICOS	pharmacy	26.137384	91.724638
BHC Spine Clinic	clinic	26.170483	91.770130
BINAPANI MEDICOS	pharmacy	26.173906	91.757326
BLISS DIAGNOSTIC CENTRE	clinic	26.151180	91.784604
BONGSHIDHAR CLINIC	pharmacy	26.123246	91.800136
BUDGET COMFORT CORNER	clinic	26.171373	91.771161
Baba Medicos	pharmacy	26.144196	91.786508
Badshah Medical	pharmacy	26.126178	91.779131
Bamunimaidam	suburb	26.185221	91.788663
Bansara Eye Care	clinic	25.579290	91.878113
Bansara Eye Care Centre	clinic	25.569903	91.896383
Barapani	village	25.694378	91.976255
Barapani St. Dispensary	clinic	25.667026	91.904752
Barsapara	suburb	26.144942	91.739124
Barthakur Clinic Pvt Ltd	clinic	26.197121	91.766763
Bashistha Police Station	police	26.112649	91.794873
Basistha Chariali	suburb	26.112151	91.797794
Bawri Service Station	fuel	25.566503	91.889530
Bethany Hospital Outreach OPD Services	hospital	25.755613	91.885679
Better Care Pharmacy	pharmacy	26.157933	91.674579
Bhagaduttapur Police station	police	26.133878	91.766626
Bhangagarh	suburb	26.165473	91.769563
Bharalumukh	suburb	26.171639	91.729213
Bharat Petroleum	fuel	25.639315	91.892157
Bharat Petroleum	fuel	25.694949	91.929423
Bharat Petroleum	fuel	26.012387	91.865753
Bharat petroleum jatia	fuel	26.144391	91.778884
Bhetapara	suburb	26.118082	91.785483
Birubari	suburb	26.161182	91.752235
Bonda Gaon	suburb	26.180699	91.841936
Bongaon	suburb	26.117770	91.793385
Bora Service Station	fuel	26.170204	91.763125
Borbari	suburb	26.157977	91.809049
Byrnihat	town	26.054335	91.869650
CAPF Hospital	hospital	25.582507	91.921758
CARE MEDICOS	pharmacy	26.157845	91.759237
CGHS Dispensary No.I	clinic	26.177576	91.827744
CGHS Dispensary No.I, Laitumkhrat	clinic	25.571273	91.895797
CGHS Dispensary No.II	clinic	26.177538	91.827874
CHGS Wellness Centre	hospital	25.572191	91.886740
CITY HEART HOSPITAL	clinic	26.172187	91.771406
CITY MEDICOS	pharmacy	26.123224	91.804065
CLUB HP	fuel	26.168810	91.764170
Capital State Dispensary	clinic	26.139257	91.790758
Careplus Pharmacy	pharmacy	26.156697	91.732240
Central Clinic and Nursing Home	clinic	26.130167	91.795337
Central Hospital, Maligaon	hospital	26.150956	91.694464
Central Reserve Police Force B/67	police	25.559109	91.903184
Chand Homeo Clinic	clinic	26.129033	91.779995
Chandmari	suburb	26.184116	91.774091
Chandrapur	village	26.235111	91.925881
Chandsi Khata Chykitshalaya	clinic	26.159363	91.733658
Child and Women Health Clinic	clinic	26.141905	91.796957
Christian Basti	suburb	26.154181	91.779626
City Heart Hospital	hospital	26.172497	91.771427
Civil Hospital Shillong	hospital	25.567961	91.880706
Composite Hospital	hospital	25.590552	91.910655
Critical Care Hospital	hospital	26.145474	91.741113
D & B Clinic	clinic	26.167433	91.736850
D K PHARMACY	pharmacy	26.162254	91.746678
DAMODAR HOMOEO CLINIC	clinic	26.167872	91.769487
DARSHANA KENNEL	pharmacy	26.174903	91.776585
DAS MEDICOS	pharmacy	26.129072	91.806175
DD Healthcare	clinic	26.152623	91.811759
DEEP JYOTI MEDICO'S	pharmacy	26.173558	91.750596
DENTAL CLINIC	clinic	26.161893	91.783057
DENTAL CLINIC	clinic	26.174670	91.777352
DOCTOR CHAMBER	clinic	26.162545	91.782123
DOCTORS CHAMBER	hospital	26.141443	91.726007
DPNH Eye Sualkuchi	clinic	26.176517	91.568195
DR. DAWKA'S CHAMBER	clinic	26.130884	91.807973
DUTTA & BARUAH DRUG HOUSE	clinic	26.185148	91.763589
Damayanti Clinic	clinic	26.157738	91.733050
Davaindia Generic Pharmacy	pharmacy	26.140313	91.745785
Dent medicos	pharmacy	26.165656	91.831335
Dermacity	clinic	26.153345	91.780140
Devalakshmi Healthcare Pain & Physiotherapy Clinic	clinic	26.158488	91.734983
Dhirenpara	suburb	26.150256	91.729142
Dhirenpara First Referral Unit	hospital	26.145826	91.727438
Dipali medical	pharmacy	26.174925	91.760424
Disha Eye Clinic	clinic	26.131700	91.786299
Disiti Eyecare	clinic	26.122286	91.799223
Dispur	town	26.140936	91.791027
Dispur Hospitals Pvt Ltd	hospital	26.149613	91.786715
Dispur Polyclinic and Nursing Home	clinic	26.149498	91.787109
Divyachakshu Eye Clinic	clinic	26.174964	91.758200
Dorob Medishop	pharmacy	26.124146	91.806140
Down Town Hospital Ltd.	hospital	26.139200	91.799426
Dr Ankur's Orthopaedic Clinic	clinic	26.190580	91.754161
Dr Bhubaneswar Borooah Cancer Institue	hospital	26.165352	91.747057
Dr Jayanta KR Goswami's Clinic	clinic	26.177472	91.775032
Dr. B Lyngdoh Clinic	clinic	25.562217	91.905431
Dr. B.A Saikia memorial nursing home	clinic	26.142250	91.642645
Dr. Chakravarty Pathological Lab and Clinic	clinic	26.133224	91.828989
Dr. Dhani Ram Baruah Heart Institute and Research Centre	hospital	26.125431	91.938883
Dr. Dilip Ghosal Clinic	clinic	26.192928	91.752527
Dr. Goswami's Clinic	clinic	26.191087	91.755395
Dr. H. Gordon Robert Hospital (Khasi-Jaintia Presbyterian)	hospital	25.584894	91.875150
Dr. Kalicharan Das Nursing Home and Polyclinic	clinic	26.163658	91.745972
Dr. Mazumdar Clinic	clinic	26.177670	91.820229
Dr. Nitin Dutta Eye Foundation Hospital	hospital	26.167631	91.778806
Dr. P.C. Deka	clinic	26.123834	91.804075
Dr. Pradipta Sanker Guha Children's Clinic	clinic	26.159699	91.685654
Dr.S. Chakravarty Orthopaedic & Physiotherapy Clinic	clinic	26.173156	91.748824
Dristi Eye Clinic	clinic	26.180827	91.773390
Dynamic Physiotherapy Centre	clinic	26.172036	91.739148
East End Nursing Home and Research Institute	clinic	26.183690	91.784863
Elyon Eye Care	clinic	25.748376	91.886569
Endovascular Surgery and Interventional Radiology Clinic	clinic	26.168401	91.768533
Eye Clinic	clinic	26.159561	91.773693
Eye Clinic	hospital	26.131090	91.808899
Eye Doctors - An Eye Institute & Surgery Centre	clinic	26.161558	91.770721
Eye care medico	hospital	26.144203	91.781507
F.S Medicos	pharmacy	26.129180	91.778214
FAMILY HEALTH CLINIC	clinic	26.124133	91.719429
Family Health Centre	clinic	26.128798	91.781152
Fancy Bazaar	suburb	26.179932	91.736216
Fancy bazaar police out post	police	26.182559	91.737266
Fatasil Ambari	suburb	26.158262	91.734446
Fire Brigade Service Station	fuel	25.565506	91.899952
Foresight Eye Clinic	clinic	26.166512	91.768664
G N R C Heart Institute	hospital	26.138973	91.794397
G.I. Surgery & Endo Laparoscopy Centre	clinic	26.166720	91.767015
G.R. MEDICOS	pharmacy	26.172708	91.796099
GANPATI MEDICOS	pharmacy	26.162246	91.746679
GENUINE MEDECINES	pharmacy	26.129088	91.795476
GENUINE MEDI SHOP	pharmacy	26.184222	91.770200
GMCH Dental College	hospital	26.160291	91.770137
GMCH Postmortem Ward	hospital	26.160042	91.771160
GNRC MEDISHOP	pharmacy	26.128949	91.785591
GNRC MEDISHOP	pharmacy	26.167009	91.779535
GOOD HEALTH HOMEO CLINIC	clinic	26.162604	91.782051
GU Hospital	hospital	26.154823	91.666035
GUWAHATI NEURO CLINIC	clinic	26.166815	91.779595
Gandhi Basti	suburb	26.181547	91.761940
Ganeshguri	suburb	26.149571	91.785012
Ganga Clinic	clinic	26.142205	91.796609
Gate Hospitals	hospital	26.178171	91.804074
Gauhati Medical College and Hospital (GMCH)	hospital	26.159511	91.768664
Gautam Physiotherapy Clinic	clinic	26.136286	91.818210
Ghoramara Chariali	suburb	26.120654	91.778845
Gitanagar	suburb	26.174189	91.793736
Gnrc Six-mile Hospital	hospital	26.131182	91.807940
Gonggoisha Eye Clinic	clinic	26.166891	91.736424
Good Heal Medicos	pharmacy	26.191067	91.755411
Goswami Drug Store	pharmacy	26.177917	91.752905
Govt. Ayurvedic College & Hospital	hospital	26.149533	91.667400
Gurucharan Polyclinic Cum Nursing Home	clinic	26.178697	91.751542
Guwahati	city	26.180598	91.753943
Guwahati Club	suburb	26.184914	91.756824
Guwahati Eye Centre	clinic	26.173424	91.771807
Guwahati Eye Hospital	hospital	26.171776	91.760817
Guwahati Eye Institute & Research Centre	clinic	26.167144	91.765775
Guwahati Gastroentrology and Liver Clinic	clinic	26.133895	91.809093
Guwahati Netralaya Eye Hospital	hospital	26.171499	91.737616
Guwahati Netralaya eye hospital	hospital	26.171366	91.737574
Guwahati Neuro Clinic	clinic	26.169918	91.778135
Guwahati Physiotherapy & Healthcare Clinic	clinic	26.171830	91.736906
H.M. Hospital , Hatigaon	hospital	26.130908	91.786135
HEALPOINT DIAGINISTIC & MULTISPECIALITY CLINIC	clinic	26.169885	91.747055
HEALTH LINK MEDICOS	pharmacy	26.123452	91.798513
HEALTHY SMILE DENTAL & AESTHETIC CLINIC	clinic	26.125637	91.786582
HIMANSHU MEDICOS	pharmacy	26.163046	91.781618
HOMOED DISPENSARY & DNT CLINIC	clinic	26.174239	91.778599
HOMOEO DISPENSARY & DNT CLINIC	pharmacy	26.174252	91.778639
HP	fuel	25.591877	91.873335
HP	fuel	25.637243	91.893240
HP	fuel	26.158123	91.681707
HP	fuel	26.178862	91.819965
HP	fuel	26.184807	91.766306
Hatigaon	suburb	26.132573	91.779660
Hayat Hospital, Kamrup	hospital	26.139090	91.746321
Heal and Smile Dental & Medical Centre	clinic	25.569488	91.897854
Healpoint	clinic	26.161329	91.734684
Health Care Clinic	clinic	26.158699	91.696014
Health City Clinic	clinic	26.172894	91.761009
Healthcareplus pharmacy	pharmacy	26.159125	91.787782
Healthy smile Dental & Aesthetic Clinic	clinic	26.125656	91.786585
Hengrabari	suburb	26.150801	91.803730
Himashree medicos	pharmacy	26.158704	91.788252
Hindustan Petroleum	fuel	26.161022	91.709909
Hm Hospital and Research Centre Pvt.Ltd	hospital	26.131028	91.785893
Holy Cross Private Hospital	hospital	25.560466	91.630736
Hope Clinic	clinic	25.563584	91.880668
I Care Diagnostic	clinic	26.137598	91.628325
ICAR Hospital	hospital	25.678918	91.909455
IMAGIC	clinic	26.172651	91.771734
IN. LIFE MEDICO'S	pharmacy	26.131199	91.808161
INDAN OIL	fuel	26.171376	91.761815
IOCL	fuel	26.177031	91.754228
Ideal Pharmacy	pharmacy	26.190698	91.754518
Illumis clinic	clinic	26.162077	91.771652
Indian Oil	fuel	25.626340	91.885988
Indian Oil	fuel	25.635421	91.892393
Indian Oil	fuel	25.718166	91.963675
Indian Oil	fuel	26.098642	91.611211
Indian Oil	fuel	26.105894	91.854707
Indian Oil	fuel	26.110548	91.840239
Indian Oil	fuel	26.112872	91.798958
Indian Oil	fuel	26.135205	91.791839
Indian Oil	fuel	26.136099	91.801871
Indian Oil	fuel	26.137425	91.633129
Indian Oil	fuel	26.162553	91.780565
Indian Oil	fuel	26.163027	91.770694
Indian Oil	fuel	26.170245	91.762913
Indian Oil	fuel	26.171377	91.725758
Indian Oil	fuel	26.173234	91.777406
Indian Oil	fuel	26.174001	91.802471
Indian Oil	fuel	26.180556	91.746867
Indian Oil	fuel	26.183758	91.779268
Indian Oil	fuel	26.185102	91.760369
Indian Oil	fuel	26.185188	91.754046
Indian Oil	fuel	26.185296	91.753904
Indian Oil Petrol Pump	fuel	26.146761	91.788796
Instacare Clinic	clinic	26.168435	91.736723
Institute Of Human Reproduction	hospital	26.166923	91.731244
Ishyrwat	village	25.590864	91.924434
JAPORIGOG MEDICALK	pharmacy	26.155392	91.790126
JOY DURGA HOMOEO	pharmacy	26.123359	91.799633
JYOTI MEDICARE	pharmacy	26.173125	91.757061
Jagadamba Mediplus	pharmacy	26.150230	91.793492
Jaiaw	neighbourhood	25.586860	91.876039
Jalukbari	suburb	26.155498	91.671224
Jan Aushadhi	pharmacy	26.139526	91.748515
Janata Clinics	clinic	26.155863	91.731394
Japorigog	suburb	26.157757	91.788774
Jiban Ram Goenka Hospital	hospital	25.575216	91.871451
Jingkieng	neighbourhood	25.564554	91.902123
Jirang	village	25.935007	91.578898
Jirang State Dispensary	clinic	25.934155	91.577117
John Roberts Hospital	hospital	25.564742	91.903108
Jorabat	town	26.099316	91.877320
Jyllishop	neighbourhood	25.564128	91.903162
Jyotikuchi	suburb	26.130561	91.735427
K&K Medicos	pharmacy	26.120977	91.787203
K.D Dental clinic	clinic	26.144785	91.776406
KALPATARU PHARMACY	pharmacy	26.175562	91.776121
KERALA AYURVEDA CLINIC	clinic	26.188620	91.751881
KGMT HOSPITAL	hospital	26.172386	91.781511
KGMT Multispeciality Hospital, Hatigarh	hospital	26.171985	91.781444
KIDNY CARE CLINIC	clinic	26.161441	91.784317
KIMS HOSPITAL CLINIC	hospital	26.166577	91.779379
KUHI MEDICO'S	pharmacy	26.171882	91.777525
KUNJA HOMEO	clinic	26.150817	91.785985
Kahilipara	suburb	26.144599	91.771840
Kamakhya Dham	suburb	26.166448	91.706376
Kaya Skin Clinic	clinic	26.161958	91.771129
Khanapara	suburb	26.125094	91.810908
Khanapara Police Station	police	26.116658	91.831458
Khasi Tribe	hamlet	25.723625	91.929887
Kheraikuchi	suburb	26.121294	91.770073
Kinesis Physiotherapy	clinic	26.132959	91.814159
Kumars Nursing Home	clinic	26.171305	91.734602
Kurua	village	26.237613	91.820619
LIFE & DIVINE MEDICOS	pharmacy	26.159831	91.750391
LIFE SAFE	pharmacy	26.171676	91.759457
LIFESTYLE MEDICOS	pharmacy	26.152843	91.781843
La Chaumiere Hills	locality	25.567656	91.887395
Laban	neighbourhood	25.563143	91.876421
Laban State Dispensary	clinic	25.564760	91.876921
Lahkar Physiotherapy Clinic	clinic	26.173419	91.752219
Laitumkhrah	neighbourhood	25.570197	91.898286
Lalganesh	suburb	26.141595	91.743247
Lalmati	suburb	26.111877	91.788523
Lapalang	neighbourhood	25.569075	91.920365
Last Gate	neighbourhood	26.139116	91.790114
Latasil Police Station	police	26.189930	91.751945
Latasil Police Station	police	26.189940	91.751915
Latasil Police Station	police	26.190024	91.751945
Law-U-Sib, Lumbatngen	locality	25.562215	91.913607
Life Care Diagnostic, Lankeshwar	clinic	26.147246	91.646027
Life Care Medicos	pharmacy	26.127824	91.779334
Life Line Physiotherapy Clinic	clinic	26.167805	91.765770
Life Medicos	pharmacy	26.143766	91.786543
Lokhra	suburb	26.111222	91.749191
Long Life Physiotherapy Clinic	clinic	26.156865	91.779811
Lower Mawprem	neighbourhood	25.584787	91.869787
Lumbasuk - B	neighbourhood	25.561977	91.903935
Lumdiengjri Police Station	police	25.580335	91.872896
Lumparing	neighbourhood	25.556922	91.880495
Lumshyiap	suburb	25.591803	91.903886
Lumsohphoh	neighbourhood	25.563450	91.900728
Lushi Medicos	pharmacy	26.149102	91.784318
M/S BANIA MEDICO'S	pharmacy	26.180350	91.783280
M/S JN MEDICOS	pharmacy	26.154179	91.780363
M/S Maa drugs and surgical	pharmacy	26.187083	91.740863
M/S New Leon Medico's	clinic	26.158920	91.688055
M/S ZOO ROAD MEDICOS	pharmacy	26.174153	91.776899
MAA BHARATI MEDICOS	pharmacy	26.178288	91.804337
MARUTI NANDAN MEDICOS	pharmacy	26.167301	91.769370
MARWARI HOSPITAL	hospital	26.171787	91.740305
MATRI MEDICO'S	pharmacy	26.127549	91.796335
MAZUNDAR PHARMACY	pharmacy	26.183659	91.774048
MEDHI STORE	pharmacy	26.192177	91.755726
MEDICINE RETANE RETAILER	pharmacy	26.129847	91.806938
MEDICLUES	pharmacy	26.165110	91.768177
MEDIPLUS	pharmacy	26.173179	91.757064
MEDIPLUS PHARMACY	pharmacy	26.167726	91.770033
MEGA LIFE PHARMACY	pharmacy	26.174683	91.777423
METRO PHARMACY	pharmacy	26.128901	91.782579
METRO PHARMACY	pharmacy	26.128949	91.782455
MODERN LIFE MEDICOS	pharmacy	26.165013	91.768283
MODERN MEDICO'S	pharmacy	26.171376	91.738243
MON MEDICOS	clinic	26.172063	91.771548
MR. BLUE	clinic	26.168910	91.770101
MUKTI MEDICOS	pharmacy	26.142288	91.786594
Maa Laxmi Medicos	pharmacy	26.141850	91.786432
Maa Manasha Clinic Homeo	clinic	26.158127	91.733312
Maa Sharda Medicos	pharmacy	26.164528	91.832465
Machkhowa	suburb	26.175505	91.734023
Maheera Medicos	pharmacy	26.128518	91.779321
Mahendra Mohan Choudhury Hospital	hospital	26.185432	91.740447
Mairang	town	25.556026	91.643014
Maligaon	town	26.160045	91.695809
Malki	neighbourhood	25.562692	91.888602
Malki Petrol Pump	fuel	25.565696	91.886566
Manashi Health Clinic	clinic	26.162165	91.734929
Marwari Hospital and Research Centre	hospital	26.172136	91.740412
Mathgharia	suburb	26.175980	91.811193
Mawdiangdiang	village	25.597494	91.949141
Mawkasiang	village	25.600906	91.968519
Mawkhar	neighbourhood	25.581189	91.876010
Mawlai Iewrynghep	locality	25.588843	91.873619
Mawlyngngad	village	25.528271	91.927526
Mawpdang	village	25.586919	91.990355
Mawroh	neighbourhood	25.595538	91.895590
Medcare Pharmacy	pharmacy	26.175442	91.756596
Medical Store	pharmacy	26.116973	91.797139
Medical Store	pharmacy	26.117256	91.797736
Mediflow Medicos	pharmacy	26.164472	91.832213
Memorial Clinic	clinic	25.566630	91.878464
Metro Medicos	pharmacy	26.141024	91.786234
Midland Hospital	hospital	26.161731	91.779858
Military Hospital	hospital	25.571180	91.872044
Modern Medico,s	pharmacy	26.171325	91.738252
Mohanam SN Ayurvedic Centre	clinic	25.567148	91.902767
Mukti Medicos	pharmacy	26.142288	91.786614
Muskan Pharma	pharmacy	26.129170	91.778143
Myrdon	village	25.755834	91.879543
N.M. MEDICOS	pharmacy	26.174671	91.777661
N.M. MEDICOS	pharmacy	26.174680	91.777660
NABAJYOTI MEDICO'S	pharmacy	26.166227	91.779490
NARAYANA SUPERSPECIALITY CLINIC	clinic	26.172065	91.758805
NAVNITA MEDICOS	pharmacy	26.125117	91.797562
NBC DOCTOR CLINIC	clinic	26.156433	91.838115
NEMCARE HOSPITAL	hospital	26.164190	91.769145
NETRA MEDICO	pharmacy	26.130301	91.807393
NETRAJYOTI EYE CLINIC	clinic	26.171944	91.748253
NEW CENTRAL MEDICOS	pharmacy	26.129848	91.795063
NEW HEAL MEDICOS	pharmacy	26.151973	91.787137
NEW R.C medicine	pharmacy	26.174898	91.760470
NEWGEN DIAGNOSTICS	clinic	26.164517	91.769351
NIHAAN HEALTH CARE	clinic	26.128983	91.782199
NIRAMOI DIAGNOSTIC CENTER	clinic	26.173487	91.772306
NOVELTY MEDICOS	pharmacy	26.125619	91.786700
Name care hospital	hospital	26.164190	91.769329
Narayana Superspeciality Clinic	clinic	26.171884	91.758381
Narayana Superspeciality Clinic	clinic	26.171991	91.758628
Narengi	suburb	26.176241	91.829290
Nawab Clinic	clinic	26.178370	91.749606
Nawal Medicos	pharmacy	26.169151	91.743458
Nazma Memorial Masum Eye Care	clinic	26.184863	91.756128
Nehru Memorial State Dispensary	clinic	25.594832	91.881423
Nehu Clinic	clinic	25.614335	91.901388
Nemcare Hospital	hospital	26.163495	91.768370
Netrajyoti Eye Clinic	clinic	26.171921	91.747942
Neuron Pharmacy	pharmacy	26.176667	91.754732
New Ananta Pharmacy	pharmacy	26.179332	91.751231
New Bongshidhar Clinic	clinic	26.123179	91.800106
New Colony	neighbourhood	25.577044	91.898402
New Joyguru Medicos	pharmacy	26.178694	91.751100
New Ranita Medical	pharmacy	26.158680	91.838332
New Sahil Medicos	pharmacy	26.174998	91.761554
Nidaan Health and Dental Care	clinic	26.158444	91.660784
Nidaan Healthcare	clinic	26.130595	91.786398
Nightingale Hospital	hospital	26.150468	91.782111
Nigrimes Hospital	hospital	25.588019	91.913836
Nilkamal Optical Eye Clinic	clinic	26.158480	91.689008
Niramoy Medicos	pharmacy	26.144588	91.786457
Nongkhlaw	village	25.686542	91.636351
Nongmensong Police Outpost	police	25.582671	91.907352
Nongmynsong	neighbourhood	25.588462	91.912471
Nongpoh	town	25.898984	91.881291
Nongpoh Civil Hospital	hospital	25.909543	91.876837
Nongrim Hills	neighbourhood	25.566262	91.904383
Noonmati	suburb	26.197937	91.799858
Noonmati Refinery	suburb	26.183635	91.813025
North East Cancer Hospital And Research Institute	hospital	26.100751	91.869915
North Guwahati	suburb	26.191507	91.718438
Nuapara	suburb	26.142100	91.823849
O & G Clinic	clinic	25.593468	91.879200
OM SHANTI MEDICOS	pharmacy	26.137529	91.790833
ONE DENTAL CLINIC	clinic	26.132077	91.793496
Odalbakra	suburb	26.140163	91.751004
Omega Eye Clinic & Research Center	clinic	26.142492	91.642344
Omega eye clinic & research centre	clinic	26.142258	91.642432
Oral Health Centre & Dental Clinic	clinic	25.565869	91.887318
Orthopaedic Clinic	clinic	26.189710	91.753122
Orthoptic Clinic	clinic	26.175892	91.774767
Outpatient clinic1	hospital	26.131372	91.808592
Oxford Hill	locality	25.567710	91.875302
P. C. Medicos	pharmacy	26.178114	91.753056
P. H. Medicos	pharmacy	26.181330	91.762070
P.J. MEDICO'S	pharmacy	26.138720	91.790126
PHARMEASY	pharmacy	26.167840	91.765587
PIALLI  MEDICO'S	pharmacy	26.166126	91.768609
PRAGATI MEDICARE	pharmacy	26.184585	91.767614
PRASASTI AYRVEDA	pharmacy	26.168262	91.769856
PRASASTI HELTHCARE	clinic	26.171520	91.771289
PRAYAS CLINICS & DIAGNOSTICS	clinic	26.176680	91.773557
PULSE DIAGNOSTICS	clinic	26.164583	91.769227
PUNNYALATA HOMEO	clinic	26.176542	91.773434
Paedriatric Surgery Unit	clinic	26.159651	91.769856
Pain Clinic, Guwahati	clinic	26.172172	91.770848
Paltan Baazar	neighbourhood	26.181048	91.750173
Paltan Bazaar	suburb	26.179474	91.752507
Pan Bazar	suburb	26.185321	91.747251
Pancreas Liver Gastro Clinic	clinic	26.138365	91.798832
Pandu	suburb	26.163460	91.680608
Pandu FRU Hospital	hospital	26.160650	91.688722
Pariksha Diagnostic Clinic	clinic	26.162913	91.745825
Pathar Quarry	suburb	26.168494	91.829854
Peerless Hospital	hospital	26.109049	91.719064
Petrol Pump	fuel	25.918037	91.877252
Petrol Pump	fuel	26.150964	91.784360
Petrol pump	fuel	26.142449	91.764592
Pharmacy	pharmacy	26.158498	91.811928
Physiotheraphy centre	clinic	26.144371	91.778518
Physiotherapy Clinic Barowari	clinic	26.189749	91.757065
Pragjyothi Eye Care And Research Centre Pvt Ltd	clinic	26.173047	91.784703
Pratiksha Hospitals	hospital	26.158658	91.811805
Pratyasha Health Care	clinic	26.153992	91.694084
Pub Suruj Nagar	neighbourhood	26.136920	91.755519
Purba Bharati Gas	fuel	26.176755	91.755299
R R Colony, Umpling	neighbourhood	25.572357	91.914118
R.P. Chest Hospital	hospital	25.577130	91.866268
RAJDHANI MEDICAL	pharmacy	26.141250	91.786239
RAMDHENU MEDI MARTS	pharmacy	26.158842	91.764286
RUCHI PHARMACY	pharmacy	26.168521	91.769963
Rahman Hospitals Private Limited	hospital	26.135028	91.809503
Railway Colony	suburb	26.151615	91.699737
Railway Colony	suburb	26.180883	91.782486
Raima Medicos	pharmacy	26.129391	91.779349
Rajbhawan	suburb	26.196702	91.764001
Rajdhani Medical	pharmacy	26.141147	91.786249
Rajdhani medical	pharmacy	26.141297	91.786277
Raksha Multispeciality Physiotherapy Centre	clinic	26.153446	91.739509
Regional Cancer Centre	hospital	25.592821	91.942756
Rehabari	suburb	26.170226	91.751208
Reid Provincial Chest Hospital	hospital	25.576238	91.866631
Reiki Clinic	clinic	26.179919	91.774790
Rekha medicos	pharmacy	26.176314	91.733424
Revive Physiotherapy,Sports Injury & Pain Care Clinic	clinic	26.148333	91.787396
Rigpa Children's Clinic	clinic	26.158199	91.776556
Rilbong	neighbourhood	25.568447	91.871483
Risa Colony	locality	25.561762	91.894787
Rouf Medico's	pharmacy	26.171787	91.740348
Ruku Medico's	pharmacy	26.171724	91.740400
Ruma ENT Polyclinic	clinic	26.160432	91.685733
Ryan Medicos	pharmacy	26.158167	91.677794
Rynjah	neighbourhood	25.569185	91.913761
Rynjah Police Station	police	25.568294	91.913423
Rynjah State Dispensary	clinic	25.570123	91.913739
S K Clinic	clinic	26.140606	91.809973
S.A. Research Diagnostic & Cure Centre	clinic	26.157397	91.788680
S.K MEDICOS	pharmacy	26.160565	91.749031
S.K.PHARMACY	pharmacy	26.128935	91.786004
S.M. MEDICOS	pharmacy	26.150803	91.784737
SAI DENTAL CLINIC & FACIOMAXILLARY	clinic	26.166526	91.768871
SANDYS DENTAL CARE & IMPLANT CENTRE	clinic	26.172714	91.771833
SANKALPA VISION CARE	clinic	26.176092	91.773391
SEEMA MEDICOS	hospital	26.141386	91.725988
SHIVAM MEDICALS	pharmacy	26.167638	91.779323
SHREE JEEWANDEEP MEDICOS	pharmacy	26.173184	91.748944
SHRISTHI DIAGNOSTICS	clinic	26.166514	91.779400
SIRIGURU MEDICO'S	pharmacy	26.123291	91.801860
SKIN CARE	clinic	26.130719	91.794438
SKIN CARE CENTRE	clinic	26.172802	91.759866
SKULPT-FACE HAIR TRANSPLANT CLINIC	clinic	26.171555	91.771120
SM Clinic	clinic	26.162011	91.659055
SRI SRI SANKARDEV MEDICOS	pharmacy	26.123137	91.803325
SS PHYSIOTHERAPY CENTRE	clinic	26.173374	91.779691
Saikia Medicos	pharmacy	26.169082	91.829488
Sanjevani Hospital	hospital	26.160924	91.709428
Sanjivani Physiotherapy and Pain Clinic	clinic	26.145920	91.785828
Sarma Gynae & Obs Clinic	hospital	26.130453	91.807967
Sarusajai	suburb	26.110058	91.760501
Satgaon	suburb	26.158949	91.838570
Satribari Christian Hospital	hospital	26.176928	91.746555
Save Sight Eye Centre	clinic	26.176988	91.773612
Sawkuchi	suburb	26.123451	91.748763
Sessamukh	village	26.245580	91.586441
Shabd Speech Therapy Clinic	clinic	26.160705	91.772833
Shanmari	neighbourhood	25.592771	91.901297
Shantipur	suburb	26.165995	91.727519
Shastri Memorial State Dispensary	clinic	25.567821	91.857079
Sherpa	pharmacy	26.175412	91.758838
Shillong	city	25.575993	91.882787
Shree Marwary Databya Aushadhalaya	pharmacy	26.180319	91.739369
Sight First The Eye Clinic	clinic	26.168048	91.769431
Silpukhuri	suburb	26.184342	91.763071
Six Mile	suburb	26.130993	91.807185
Skin Care Clinic	clinic	26.172499	91.759129
Skin and Cosmetology Clinic, Kumarpara	clinic	26.169558	91.735694
Skulpt-Face - Facial Aesthetic Clinic	clinic	26.171648	91.770977
Small Pharmacy	pharmacy	26.176120	91.785085
Smit	village	25.502087	91.903703
Sohryngkham	village	25.543348	91.954266
Sonaighuli	suburb	26.127795	91.748859
Sonapur	town	26.119249	91.970223
Sonapur District Hospital	hospital	26.121213	91.976127
Sparsh Physiotherapy	clinic	26.176172	91.779238
Star Medicos	pharmacy	26.126088	91.779169
State Dispensary, Digaru	clinic	26.149482	91.977108
State Dispensary, Garigaon	clinic	26.158229	91.657611
State Dispensary, Jalukbari	clinic	26.140975	91.642085
State Dispensary, Khanapara	clinic	26.129282	91.809799
State Dispensary, Kurua	clinic	26.235221	91.823457
State Dispensary, Lakhara	clinic	26.103730	91.752026
State Dispensary, Satgaon	clinic	26.154243	91.831508
State Dispensary, Tamulikuchi	clinic	26.072636	91.875468
State Dispensary, West Guwahati	clinic	26.165505	91.727046
State Dispensary,Bhetapara	clinic	26.116448	91.784179
Sualkuchi	town	26.169913	91.570852
Sumer	hamlet	25.695514	91.907662
Sumer Village	village	25.682858	91.913021
Sun Valley Hospital	clinic	26.138328	91.801041
Sun Valley Hospital, Guwahati	hospital	26.138281	91.801020
Sunchali	suburb	26.204003	91.803764
Super Market	neighbourhood	26.140986	91.795486
Super Special Dental Clinic	clinic	26.157939	91.674687
Supercare Hospital	hospital	25.560860	91.911378
Survey of India	neighbourhood	25.564996	91.884148
Swagat Endolaproscopic Surgical Research Institute	clinic	26.170955	91.725241
Swagat Super Speciality Surgical Institute	hospital	26.160373	91.707362
TINIALI MEDICOS	pharmacy	26.175268	91.776646
The Children's Hospital	hospital	25.565867	91.911243
The Eye Care Center	clinic	26.184893	91.758146
The Ideal Pharmacy	pharmacy	26.190692	91.754543
The Life Pharmacy	clinic	26.174814	91.757969
The Life Pharmacy	pharmacy	26.174717	91.758031
The Royal Care Clinic	clinic	26.123150	91.800031
Thodong	village	25.512289	91.957540
Tirot Sing Memorial Hospital	hospital	25.554179	91.633092
Tolaram Bafna Kamrup District Civil Hospital	hospital	26.207422	91.677180
Tynring	village	25.593249	91.983908
UNIQUE MEDICOS	pharmacy	26.129895	91.795032
Ulubari	suburb	26.175003	91.757693
Umananda Clinic	clinic	26.184957	91.758903
Umden	village	25.964025	91.990414
Umling	village	25.964962	91.856919
Umphyrnai	village	25.528723	91.909211
Umpling	neighbourhood	25.576318	91.918014
Umsaw Myllium	village	25.506994	91.856517
Umsning	village	25.745534	91.887263
Universal Medical Store	pharmacy	26.179915	91.751027
Upper Mawprem	neighbourhood	25.579355	91.870497
Uzan Bazaar	neighbourhood	26.191962	91.755303
VAISHNAVI MEDICOSE	clinic	26.171414	91.771181
VIP Area	village	26.099854	91.598276
VISULEYES	clinic	26.168157	91.769782
Vasocare Interventional Radiology and Pain Clinic	clinic	26.167561	91.769001
Vignesh Drug Store	pharmacy	26.159502	91.733909
Vipancy Medico's	pharmacy	26.165055	91.832091
Vision hospital	hospital	26.176009	91.740017
W.W.MEDICOS	pharmacy	26.192348	91.756245
WELLCARE MEDICOS	pharmacy	26.169950	91.778254
WINTROBE HOSPITAL	hospital	26.185188	91.756084
WOMEN'S CLINIC	clinic	26.135367	91.791887
Wintrobe Hospital	hospital	26.185497	91.756005
Wipro GE Healthcare Private Ltd.	hospital	26.165197	91.779501
Wireless	suburb	26.134850	91.792417
ZAM ZAM OPTICAL	clinic	26.170214	91.770715
ZOO ROAD MEDICOS	pharmacy	26.174192	91.776900
Zoo Rd Tiniali	suburb	26.175387	91.777452
agilus diognostic	clinic	26.171535	91.769139
borbora clinic	clinic	26.112911	91.798290
dev homoeo clinic	clinic	26.172763	91.763697
doctor's chamber	clinic	26.114442	91.798278
eve care clinic	clinic	26.115020	91.798420
hatigaon police station	police	26.126608	91.786842
heath samadhan	pharmacy	26.175076	91.759397
hindustan oil	fuel	26.114348	91.804824
indian oil	fuel	26.118301	91.965373
kiran medicos	pharmacy	26.183629	91.780231
m/s chakinbala medicos	pharmacy	26.171829	91.767798
medicine House	pharmacy	26.175085	91.759481
nayanpur medicos	pharmacy	26.151526	91.787002
neelkanth medicos	pharmacy	26.152967	91.788182
new ayaan medicos	pharmacy	26.153952	91.789062
new raj medicos	pharmacy	26.153613	91.788679
ramchandra medical	pharmacy	26.155546	91.790678
s. d. medicos	pharmacy	26.177471	91.735426
speciality homoepathic clinic	clinic	26.115306	91.798383
sri anukul medico's	pharmacy	26.155355	91.790268
state police accountability commission, assam	police	26.172871	91.763352
বেলতলা	suburb	26.123721	91.799099
